fecha,p_mensual,estacion
1982-01-01,126.0,areco
1983-01-01,139.0,areco
1984-01-01,118.0,areco
1985-01-01,65.0,areco
1986-01-01,122.0,areco
1987-01-01,127.0,areco
1988-01-01,32.0,areco
1989-01-01,23.0,areco
1990-01-01,119.0,areco
1991-01-01,114.0,areco
1992-01-01,115.0,areco
1993-01-01,155.0,areco
1994-01-01,92.0,areco
1995-01-01,35.0,areco
1996-01-01,43.0,areco
1997-01-01,177.0,areco
1998-01-01,148.0,areco
1999-01-01,141.0,areco
2000-01-01,25.0,areco
2001-01-01,246.0,areco
2002-01-01,114.0,areco
2003-01-01,110.0,areco
2004-01-01,148.0,areco
2005-01-01,109.0,areco
2006-01-01,303.0,areco
2007-01-01,111.0,areco
2008-01-01,74.0,areco
2009-01-01,25.0,areco
2010-01-01,176.0,areco
2011-01-01,188.0,areco
2012-01-01,63.0,areco
2013-01-01,64.0,areco
2014-01-01,227.0,areco
2015-01-01,223.0,areco
2016-01-01,43.0,areco
2017-01-01,166.0,areco
2018-01-01,64.0,areco
2019-01-01,190.0,areco
2020-01-01,79.5,areco
2021-01-01,107.0,areco
2022-01-01,98.5,areco
1982-02-01,129.0,areco
1983-02-01,80.0,areco
1984-02-01,412.0,areco
1985-02-01,59.0,areco
1986-02-01,30.0,areco
1987-02-01,160.0,areco
1988-02-01,44.0,areco
1989-02-01,144.0,areco
1990-02-01,97.0,areco
1991-02-01,115.0,areco
1992-02-01,45.0,areco
1993-02-01,0.0,areco
1994-02-01,12.0,areco
1995-02-01,67.0,areco
1996-02-01,147.0,areco
1997-02-01,53.0,areco
1998-02-01,100.0,areco
1999-02-01,204.0,areco
2000-02-01,147.0,areco
2001-02-01,108.0,areco
2002-02-01,29.0,areco
2003-02-01,207.0,areco
2004-02-01,80.0,areco
2005-02-01,27.0,areco
2006-02-01,90.0,areco
2007-02-01,197.0,areco
2008-02-01,84.0,areco
2009-02-01,240.0,areco
2010-02-01,290.0,areco
2011-02-01,126.0,areco
2012-02-01,214.0,areco
2013-02-01,52.0,areco
2014-02-01,257.0,areco
2015-02-01,41.2,areco
2016-02-01,174.0,areco
2017-02-01,164.0,areco
2018-02-01,44.0,areco
2019-02-01,150.0,areco
2020-02-01,79.5,areco
2021-02-01,23.25,areco
2022-02-01,123.0,areco
1982-03-01,61.0,areco
1983-03-01,63.0,areco
1984-03-01,57.0,areco
1985-03-01,82.0,areco
1986-03-01,39.0,areco
1987-03-01,199.0,areco
1988-03-01,429.0,areco
1989-03-01,160.0,areco
1990-03-01,110.0,areco
1991-03-01,84.0,areco
1992-03-01,57.0,areco
1993-03-01,190.0,areco
1994-03-01,43.0,areco
1995-03-01,117.0,areco
1996-03-01,26.0,areco
1997-03-01,18.0,areco
1998-03-01,127.0,areco
1999-03-01,204.0,areco
2000-03-01,28.0,areco
2001-03-01,246.0,areco
2002-03-01,186.0,areco
2003-03-01,151.0,areco
2004-03-01,57.0,areco
2005-03-01,119.0,areco
2006-03-01,81.0,areco
2007-03-01,345.0,areco
2008-03-01,127.0,areco
2009-03-01,73.0,areco
2010-03-01,140.0,areco
2011-03-01,70.0,areco
2012-03-01,153.0,areco
2013-03-01,90.0,areco
2014-03-01,140.0,areco
2015-03-01,29.0,areco
2016-03-01,61.0,areco
2017-03-01,81.0,areco
2018-03-01,36.0,areco
2019-03-01,96.0,areco
2020-03-01,117.25,areco
2021-03-01,147.0,areco
2022-03-01,69.25,areco
1982-04-01,88.0,areco
1983-04-01,92.0,areco
1984-04-01,71.0,areco
1985-04-01,148.0,areco
1986-04-01,201.0,areco
1987-04-01,80.0,areco
1988-04-01,23.0,areco
1989-04-01,188.0,areco
1990-04-01,162.0,areco
1991-04-01,133.0,areco
1992-04-01,121.0,areco
1993-04-01,170.0,areco
1994-04-01,141.0,areco
1995-04-01,208.0,areco
1996-04-01,93.0,areco
1997-04-01,77.0,areco
1998-04-01,51.0,areco
1999-04-01,109.0,areco
2000-04-01,239.0,areco
2001-04-01,49.0,areco
2002-04-01,162.0,areco
2003-04-01,97.0,areco
2004-04-01,168.0,areco
2005-04-01,79.0,areco
2006-04-01,87.0,areco
2007-04-01,238.0,areco
2008-04-01,5.0,areco
2009-04-01,47.0,areco
2010-04-01,71.0,areco
2011-04-01,89.0,areco
2012-04-01,31.0,areco
2013-04-01,67.0,areco
2014-04-01,246.0,areco
2015-04-01,139.0,areco
2016-04-01,285.0,areco
2017-04-01,171.0,areco
2018-04-01,270.0,areco
2019-04-01,2.0,areco
2020-04-01,117.0,areco
2021-04-01,57.0,areco
2022-04-01,21.75,areco
1982-05-01,65.0,areco
1983-05-01,66.0,areco
1984-05-01,79.0,areco
1985-05-01,29.0,areco
1986-05-01,54.0,areco
1987-05-01,15.0,areco
1988-05-01,0.0,areco
1989-05-01,20.0,areco
1990-05-01,48.0,areco
1991-05-01,118.0,areco
1992-05-01,21.0,areco
1993-05-01,199.0,areco
1994-05-01,82.0,areco
1995-05-01,14.0,areco
1996-05-01,47.0,areco
1997-05-01,0.0,areco
1998-05-01,46.0,areco
1999-05-01,25.0,areco
2000-05-01,235.0,areco
2001-05-01,91.0,areco
2002-05-01,370.0,areco
2003-05-01,36.0,areco
2004-05-01,59.0,areco
2005-05-01,7.0,areco
2006-05-01,5.0,areco
2007-05-01,56.0,areco
2008-05-01,1.0,areco
2009-05-01,34.0,areco
2010-05-01,124.0,areco
2011-05-01,38.0,areco
2012-05-01,165.0,areco
2013-05-01,117.0,areco
2014-05-01,112.0,areco
2015-05-01,75.0,areco
2016-05-01,7.5,areco
2017-05-01,129.0,areco
2018-05-01,349.0,areco
2019-05-01,56.0,areco
2020-05-01,1.5,areco
2021-05-01,64.25,areco
2022-05-01,7.75,areco
1982-06-01,48.0,areco
1983-06-01,37.0,areco
1984-06-01,42.0,areco
1985-06-01,11.0,areco
1986-06-01,75.0,areco
1987-06-01,0.0,areco
1988-06-01,20.0,areco
1989-06-01,56.0,areco
1990-06-01,0.0,areco
1991-06-01,48.0,areco
1992-06-01,201.0,areco
1993-06-01,136.0,areco
1994-06-01,32.0,areco
1995-06-01,16.0,areco
1996-06-01,16.0,areco
1997-06-01,68.0,areco
1998-06-01,15.0,areco
1999-06-01,20.0,areco
2000-06-01,102.0,areco
2001-06-01,55.0,areco
2002-06-01,5.0,areco
2003-06-01,16.0,areco
2004-06-01,14.0,areco
2005-06-01,54.0,areco
2006-06-01,50.0,areco
2007-06-01,30.0,areco
2008-06-01,23.0,areco
2009-06-01,15.0,areco
2010-06-01,28.0,areco
2011-06-01,80.0,areco
2012-06-01,3.0,areco
2013-06-01,7.0,areco
2014-06-01,28.0,areco
2015-06-01,58.0,areco
2016-06-01,46.0,areco
2017-06-01,3.0,areco
2018-06-01,2.0,areco
2019-06-01,130.0,areco
2020-06-01,29.25,areco
2021-06-01,2.5,areco
2022-06-01,0.25,areco
1982-07-01,65.0,areco
1983-07-01,0.0,areco
1984-07-01,18.0,areco
1985-07-01,82.0,areco
1986-07-01,0.0,areco
1987-07-01,112.0,areco
1988-07-01,21.0,areco
1989-07-01,43.0,areco
1990-07-01,28.0,areco
1991-07-01,66.0,areco
1992-07-01,22.0,areco
1993-07-01,19.0,areco
1994-07-01,26.0,areco
1995-07-01,0.0,areco
1996-07-01,17.0,areco
1997-07-01,23.0,areco
1998-07-01,30.0,areco
1999-07-01,22.0,areco
2000-07-01,13.0,areco
2001-07-01,10.0,areco
2002-07-01,29.0,areco
2003-07-01,74.0,areco
2004-07-01,38.0,areco
2005-07-01,57.0,areco
2006-07-01,20.0,areco
2007-07-01,6.0,areco
2008-07-01,13.0,areco
2009-07-01,215.0,areco
2010-07-01,94.0,areco
2011-07-01,49.0,areco
2012-07-01,20.0,areco
2013-07-01,35.0,areco
2014-07-01,60.0,areco
2015-07-01,68.0,areco
2016-07-01,120.0,areco
2017-07-01,58.0,areco
2018-07-01,66.0,areco
2019-07-01,21.0,areco
2020-07-01,7.0,areco
2021-07-01,35.0,areco
2022-07-01,18.5,areco
1982-08-01,11.0,areco
1983-08-01,54.0,areco
1984-08-01,4.0,areco
1985-08-01,23.0,areco
1986-08-01,0.0,areco
1987-08-01,26.0,areco
1988-08-01,0.0,areco
1989-08-01,131.0,areco
1990-08-01,20.0,areco
1991-08-01,65.0,areco
1992-08-01,55.0,areco
1993-08-01,39.0,areco
1994-08-01,27.0,areco
1995-08-01,0.0,areco
1996-08-01,36.0,areco
1997-08-01,132.0,areco
1998-08-01,7.0,areco
1999-08-01,56.0,areco
2000-08-01,62.0,areco
2001-08-01,206.0,areco
2002-08-01,102.0,areco
2003-08-01,8.0,areco
2004-08-01,47.0,areco
2005-08-01,76.0,areco
2006-08-01,2.0,areco
2007-08-01,27.0,areco
2008-08-01,14.0,areco
2009-08-01,5.0,areco
2010-08-01,12.0,areco
2011-08-01,16.0,areco
2012-08-01,227.0,areco
2013-08-01,10.0,areco
2014-08-01,9.0,areco
2015-08-01,352.0,areco
2016-08-01,37.0,areco
2017-08-01,82.0,areco
2018-08-01,71.0,areco
2019-08-01,23.0,areco
2020-08-01,14.75,areco
2021-08-01,25.0,areco
2022-08-01,4.5,areco
1982-09-01,168.0,areco
1983-09-01,65.0,areco
1984-09-01,83.0,areco
1985-09-01,53.0,areco
1986-09-01,0.0,areco
1987-09-01,36.0,areco
1988-09-01,42.0,areco
1989-09-01,16.0,areco
1990-09-01,75.0,areco
1991-09-01,7.0,areco
1992-09-01,68.0,areco
1993-09-01,52.0,areco
1994-09-01,23.0,areco
1995-09-01,32.0,areco
1996-09-01,80.0,areco
1997-09-01,20.0,areco
1998-09-01,18.0,areco
1999-09-01,59.0,areco
2000-09-01,157.0,areco
2001-09-01,57.0,areco
2002-09-01,15.0,areco
2003-09-01,41.0,areco
2004-09-01,16.0,areco
2005-09-01,64.0,areco
2006-09-01,20.0,areco
2007-09-01,107.0,areco
2008-09-01,30.0,areco
2009-09-01,145.0,areco
2010-09-01,92.0,areco
2011-09-01,20.0,areco
2012-09-01,99.0,areco
2013-09-01,91.0,areco
2014-09-01,88.0,areco
2015-09-01,54.0,areco
2016-09-01,40.0,areco
2017-09-01,153.0,areco
2018-09-01,195.0,areco
2019-09-01,17.0,areco
2020-09-01,100.5,areco
2021-09-01,96.75,areco
2022-09-01,1.75,areco
1982-10-01,80.0,areco
1983-10-01,118.0,areco
1984-10-01,254.0,areco
1985-10-01,203.0,areco
1986-10-01,0.0,areco
1987-10-01,93.0,areco
1988-10-01,85.0,areco
1989-10-01,57.0,areco
1990-10-01,109.0,areco
1991-10-01,206.0,areco
1992-10-01,99.0,areco
1993-10-01,315.0,areco
1994-10-01,140.0,areco
1995-10-01,198.0,areco
1996-10-01,47.0,areco
1997-10-01,197.0,areco
1998-10-01,49.0,areco
1999-10-01,26.0,areco
2000-10-01,143.0,areco
2001-10-01,203.0,areco
2002-10-01,78.0,areco
2003-10-01,32.0,areco
2004-10-01,61.0,areco
2005-10-01,35.0,areco
2006-10-01,196.0,areco
2007-10-01,168.0,areco
2008-10-01,113.0,areco
2009-10-01,151.0,areco
2010-10-01,59.0,areco
2011-10-01,82.0,areco
2012-10-01,303.0,areco
2013-10-01,36.0,areco
2014-10-01,135.0,areco
2015-10-01,123.0,areco
2016-10-01,117.0,areco
2017-10-01,93.0,areco
2018-10-01,73.0,areco
2019-10-01,86.0,areco
2020-10-01,84.95,areco
2021-10-01,27.75,areco
2022-10-01,15.75,areco
1982-11-01,80.0,areco
1983-11-01,112.0,areco
1984-11-01,77.0,areco
1985-11-01,194.0,areco
1986-11-01,0.0,areco
1987-11-01,187.0,areco
1988-11-01,84.0,areco
1989-11-01,50.0,areco
1990-11-01,164.0,areco
1991-11-01,67.0,areco
1992-11-01,73.0,areco
1993-11-01,172.0,areco
1994-11-01,14.0,areco
1995-11-01,138.0,areco
1996-11-01,196.0,areco
1997-11-01,165.0,areco
1998-11-01,78.0,areco
1999-11-01,50.0,areco
2000-11-01,106.0,areco
2001-11-01,152.0,areco
2002-11-01,175.0,areco
2003-11-01,125.0,areco
2004-11-01,121.0,areco
2005-11-01,152.0,areco
2006-11-01,96.0,areco
2007-11-01,30.0,areco
2008-11-01,108.0,areco
2009-11-01,187.0,areco
2010-11-01,66.0,areco
2011-11-01,53.0,areco
2012-11-01,90.0,areco
2013-11-01,143.0,areco
2014-11-01,182.0,areco
2015-11-01,177.0,areco
2016-11-01,103.0,areco
2017-11-01,41.0,areco
2018-11-01,184.0,areco
2019-11-01,63.0,areco
2020-11-01,38.25,areco
2021-11-01,79.25,areco
2022-11-01,13.5,areco
1982-12-01,45.0,areco
1983-12-01,99.0,areco
1984-12-01,80.0,areco
1985-12-01,95.0,areco
1986-12-01,0.0,areco
1987-12-01,93.0,areco
1988-12-01,38.0,areco
1989-12-01,139.0,areco
1990-12-01,94.0,areco
1991-12-01,202.0,areco
1992-12-01,58.0,areco
1993-12-01,161.0,areco
1994-12-01,88.0,areco
1995-12-01,42.0,areco
1996-12-01,155.0,areco
1997-12-01,180.0,areco
1998-12-01,132.0,areco
1999-12-01,48.0,areco
2000-12-01,66.0,areco
2001-12-01,117.0,areco
2002-12-01,166.0,areco
2003-12-01,136.0,areco
2004-12-01,244.0,areco
2005-12-01,29.0,areco
2006-12-01,187.0,areco
2007-12-01,27.0,areco
2008-12-01,20.0,areco
2009-12-01,296.0,areco
2010-12-01,49.0,areco
2011-12-01,20.0,areco
2012-12-01,198.0,areco
2013-12-01,89.0,areco
2014-12-01,124.0,areco
2015-12-01,63.0,areco
2016-12-01,144.0,areco
2017-12-01,52.0,areco
2018-12-01,189.0,areco
2019-12-01,34.0,areco
2020-12-01,43.25,areco
2021-12-01,4.25,areco
2022-12-01,82.25,areco
2012-11-01,65.75,las_armas
2013-01-01,0.0,las_armas
2013-02-01,0.0,las_armas
2013-03-01,0.0,las_armas
2013-04-01,17.75,las_armas
2013-05-01,45.0,las_armas
2013-06-01,13.5,las_armas
2013-07-01,13.5,las_armas
2013-08-01,7.25,las_armas
2013-09-01,157.75,las_armas
2013-10-01,109.25,las_armas
2013-11-01,91.0,las_armas
2013-12-01,41.75,las_armas
2014-01-01,201.25,las_armas
2014-02-01,128.5,las_armas
2014-03-01,190.0,las_armas
2014-04-01,133.5,las_armas
2014-05-01,88.0,las_armas
2014-06-01,44.75,las_armas
2014-07-01,76.25,las_armas
2014-08-01,116.75,las_armas
2014-09-01,93.25,las_armas
2014-10-01,153.25,las_armas
2014-11-01,69.25,las_armas
2014-12-01,45.75,las_armas
2015-01-01,76.0,las_armas
2015-02-01,73.5,las_armas
2015-03-01,11.5,las_armas
2015-04-01,98.25,las_armas
2015-05-01,36.0,las_armas
2015-06-01,7.25,las_armas
2015-07-01,74.75,las_armas
2015-08-01,10.0,las_armas
2015-09-01,0.25,las_armas
2015-10-01,1.5,las_armas
2015-11-01,0.25,las_armas
2015-12-01,0.0,las_armas
2016-01-01,5.75,las_armas
2016-02-01,189.0,las_armas
2016-03-01,66.0,las_armas
2016-04-01,107.0,las_armas
2016-05-01,10.0,las_armas
2016-08-01,11.25,las_armas
2016-09-01,15.5,las_armas
2016-10-01,14.0,las_armas
2016-11-01,2.25,las_armas
2016-12-01,4.0,las_armas
2017-10-01,45.75,las_armas
2017-11-01,74.75,las_armas
2017-12-01,67.75,las_armas
2018-01-01,89.0,las_armas
2018-02-01,50.75,las_armas
2018-03-01,96.5,las_armas
2018-04-01,123.75,las_armas
2018-05-01,74.75,las_armas
2018-06-01,33.5,las_armas
2018-07-01,36.25,las_armas
2018-08-01,51.25,las_armas
2018-09-01,36.75,las_armas
2018-10-01,2.75,las_armas
2019-09-01,0.5,las_armas
2020-03-01,49.25,las_armas
2020-04-01,118.75,las_armas
2020-05-01,24.25,las_armas
2020-06-01,49.5,las_armas
2020-07-01,0.75,las_armas
2020-08-01,33.0,las_armas
2020-09-01,25.0,las_armas
2020-10-01,123.75,las_armas
2020-11-01,35.25,las_armas
2020-12-01,18.5,las_armas
2021-01-01,157.0,las_armas
2021-02-01,63.25,las_armas
2021-03-01,136.25,las_armas
2021-09-01,123.0,las_armas
2021-10-01,5.0,las_armas
2021-11-01,33.25,las_armas
2021-12-01,54.0,las_armas
2022-01-01,88.75,las_armas
2022-02-01,52.0,las_armas
2022-03-01,114.0,las_armas
2022-04-01,27.25,las_armas
2022-08-01,44.25,las_armas
2022-09-01,11.0,las_armas
2022-10-01,50.0,las_armas
2023-04-01,40.5,las_armas
2023-11-01,170.0,las_armas
2023-12-01,262.5,las_armas
2024-01-01,139.25,las_armas
2024-02-01,227.0,las_armas
2024-03-01,133.25,las_armas
2024-04-01,110.25,las_armas
2024-05-01,6.25,las_armas
2024-06-01,15.25,las_armas
2024-07-01,20.5,las_armas
2024-08-01,114.5,las_armas
2024-09-01,11.25,las_armas
2024-10-01,31.75,las_armas
2024-11-01,175.25,las_armas
2024-12-01,91.75,las_armas
2025-01-01,51.25,las_armas
2025-02-01,84.5,las_armas
2025-03-01,164.25,las_armas
2025-04-01,51.75,las_armas
2025-05-01,86.25,las_armas
2025-06-01,32.25,las_armas
2010-09-01,107.199974,lima
2010-10-01,48.499992,lima
2010-11-01,52.2,lima
2010-12-01,52.79999,lima
2011-01-01,114.2,lima
2011-02-01,54.09998,lima
2011-03-01,55.2,lima
2011-04-01,136.09999,lima
2011-05-01,37.5,lima
2011-06-01,90.89998,lima
2011-07-01,44.999992,lima
2011-08-01,4.7999997,lima
2011-09-01,0.0,lima
2011-10-01,85.29999,lima
2011-11-01,83.399994,lima
2011-12-01,62.5,lima
2012-01-01,34.8,lima
2012-02-01,168.29999,lima
2012-03-01,174.10004,lima
2012-04-01,65.049995,lima
2012-05-01,42.25,lima
2012-06-01,6.75,lima
2012-07-01,21.5,lima
2012-08-01,233.25,lima
2012-09-01,112.75,lima
2012-10-01,281.0,lima
2012-11-01,62.25,lima
2012-12-01,204.25,lima
2013-01-01,51.75,lima
2013-02-01,99.5,lima
2013-03-01,66.75,lima
2013-04-01,81.75,lima
2013-05-01,73.25,lima
2013-06-01,6.75,lima
2013-07-01,51.75,lima
2013-08-01,5.75,lima
2013-09-01,102.75,lima
2013-10-01,37.25,lima
2013-11-01,86.25,lima
2014-02-01,260.75,lima
2014-03-01,119.5,lima
2014-04-01,44.5,lima
2014-08-01,4.0,lima
2014-09-01,104.25,lima
2014-10-01,170.5,lima
2014-11-01,173.0,lima
2014-12-01,105.0,lima
2015-01-01,192.25,lima
2015-02-01,98.75,lima
2015-03-01,38.25,lima
2015-04-01,109.75,lima
2015-05-01,68.25,lima
2015-06-01,52.25,lima
2015-07-01,56.75,lima
2015-08-01,338.0,lima
2015-09-01,68.0,lima
2015-10-01,111.0,lima
2015-11-01,133.75,lima
2015-12-01,22.25,lima
2016-01-01,9.25,lima
2016-02-01,47.75,lima
2016-03-01,6.75,lima
2016-12-01,177.25,lima
2017-01-01,112.0,lima
2017-02-01,103.5,lima
2017-03-01,124.75,lima
2017-09-01,153.0,lima
2017-10-01,45.4,lima
2017-11-01,40.4,lima
2017-12-01,92.59999,lima
2018-01-01,44.6,lima
2018-02-01,39.0,lima
2018-03-01,63.40001,lima
2018-04-01,197.20001,lima
2018-05-01,91.40001,lima
2018-06-01,5.3999996,lima
2018-07-01,33.800003,lima
2018-08-01,32.0,lima
2018-09-01,104.399994,lima
2018-10-01,53.599995,lima
2018-11-01,130.00002,lima
2019-02-01,155.00003,lima
2019-03-01,64.6,lima
2019-04-01,20.199997,lima
2019-05-01,48.200005,lima
2019-06-01,98.000015,lima
2019-07-01,20.400002,lima
2019-08-01,12.8,lima
2019-09-01,28.2,lima
2019-10-01,52.399994,lima
2019-11-01,99.6,lima
2019-12-01,95.40001,lima
2021-07-01,45.399998,lima
2021-08-01,24.6,lima
2021-09-01,97.59999,lima
1984-01-01,196.5,lp_aero
1984-02-01,259.6,lp_aero
1984-03-01,124.7,lp_aero
1984-04-01,50.8,lp_aero
1984-05-01,85.0,lp_aero
1984-06-01,46.5,lp_aero
1984-07-01,43.300003,lp_aero
1984-08-01,18.0,lp_aero
1984-09-01,47.2,lp_aero
1984-10-01,244.5,lp_aero
1984-11-01,53.6,lp_aero
1984-12-01,44.0,lp_aero
1985-01-01,36.3,lp_aero
1985-02-01,24.3,lp_aero
1985-03-01,134.0,lp_aero
1985-04-01,59.5,lp_aero
1985-05-01,245.8,lp_aero
1985-06-01,20.6,lp_aero
1985-07-01,68.0,lp_aero
1985-08-01,24.2,lp_aero
1985-09-01,94.200005,lp_aero
1985-10-01,246.9,lp_aero
1985-11-01,234.79999,lp_aero
1985-12-01,18.5,lp_aero
1986-01-01,121.2,lp_aero
1986-02-01,17.0,lp_aero
1986-03-01,68.0,lp_aero
1986-04-01,138.2,lp_aero
1986-05-01,91.9,lp_aero
1986-06-01,57.3,lp_aero
1986-07-01,45.2,lp_aero
1986-08-01,121.0,lp_aero
1986-09-01,59.6,lp_aero
1986-10-01,124.8,lp_aero
1986-11-01,160.5,lp_aero
1986-12-01,53.8,lp_aero
1987-01-01,74.6,lp_aero
1987-02-01,125.9,lp_aero
1987-03-01,205.0,lp_aero
1987-04-01,54.8,lp_aero
1987-05-01,23.2,lp_aero
1987-06-01,0.7,lp_aero
1987-07-01,67.7,lp_aero
1987-08-01,54.4,lp_aero
1987-09-01,44.7,lp_aero
1987-10-01,167.0,lp_aero
1987-11-01,104.0,lp_aero
1987-12-01,139.8,lp_aero
1988-01-01,135.9,lp_aero
1988-02-01,31.6,lp_aero
1988-03-01,299.8,lp_aero
1988-04-01,65.7,lp_aero
1988-05-01,2.5,lp_aero
1988-06-01,9.0,lp_aero
1988-07-01,32.8,lp_aero
1988-08-01,31.400002,lp_aero
1988-09-01,27.0,lp_aero
1988-10-01,111.3,lp_aero
1988-11-01,64.1,lp_aero
1988-12-01,127.6,lp_aero
1989-01-01,19.2,lp_aero
1989-02-01,47.0,lp_aero
1989-03-01,144.7,lp_aero
1989-04-01,100.4,lp_aero
1989-05-01,0.0,lp_aero
1989-06-01,34.7,lp_aero
1989-07-01,52.4,lp_aero
1989-08-01,170.2,lp_aero
1989-09-01,17.1,lp_aero
1989-10-01,29.0,lp_aero
1989-11-01,47.6,lp_aero
1989-12-01,194.2,lp_aero
1990-01-01,259.5,lp_aero
1990-02-01,253.2,lp_aero
1990-03-01,108.2,lp_aero
1990-04-01,132.5,lp_aero
1990-05-01,72.5,lp_aero
1990-06-01,7.7,lp_aero
1990-07-01,14.4,lp_aero
1990-08-01,31.0,lp_aero
1990-09-01,43.0,lp_aero
1990-10-01,103.1,lp_aero
1990-11-01,336.4,lp_aero
1990-12-01,175.1,lp_aero
1991-01-01,128.6,lp_aero
1991-02-01,18.1,lp_aero
1991-03-01,13.8,lp_aero
1991-04-01,67.1,lp_aero
1991-05-01,95.0,lp_aero
1991-06-01,128.6,lp_aero
1991-07-01,97.0,lp_aero
1991-08-01,58.1,lp_aero
1991-09-01,92.2,lp_aero
1991-10-01,138.5,lp_aero
1991-11-01,73.8,lp_aero
1991-12-01,117.9,lp_aero
1992-01-01,209.5,lp_aero
1992-02-01,23.8,lp_aero
1992-03-01,137.1,lp_aero
1992-04-01,102.5,lp_aero
1992-05-01,115.6,lp_aero
1992-06-01,107.8,lp_aero
1992-07-01,47.0,lp_aero
1992-08-01,103.5,lp_aero
1992-09-01,56.4,lp_aero
1992-10-01,139.9,lp_aero
1992-11-01,90.5,lp_aero
1992-12-01,44.0,lp_aero
1993-01-01,71.5,lp_aero
1993-02-01,232.7,lp_aero
1993-03-01,43.9,lp_aero
1993-04-01,150.4,lp_aero
1993-05-01,103.8,lp_aero
1993-06-01,126.0,lp_aero
1993-07-01,24.5,lp_aero
1993-08-01,21.0,lp_aero
1993-09-01,46.1,lp_aero
1993-10-01,179.8,lp_aero
1993-11-01,220.1,lp_aero
1993-12-01,169.5,lp_aero
1994-01-01,52.0,lp_aero
1994-02-01,29.8,lp_aero
1994-03-01,119.7,lp_aero
1994-04-01,137.5,lp_aero
1994-05-01,131.4,lp_aero
1994-06-01,46.0,lp_aero
1994-07-01,114.1,lp_aero
1994-08-01,26.5,lp_aero
1994-09-01,15.5,lp_aero
1994-10-01,108.9,lp_aero
1994-11-01,34.5,lp_aero
1994-12-01,134.0,lp_aero
1995-01-01,86.0,lp_aero
1995-02-01,171.0,lp_aero
1995-03-01,133.8,lp_aero
1995-04-01,221.7,lp_aero
1995-05-01,10.3,lp_aero
1995-06-01,25.9,lp_aero
1995-07-01,34.8,lp_aero
1995-08-01,15.5,lp_aero
1995-09-01,40.0,lp_aero
1995-10-01,79.0,lp_aero
1995-11-01,117.8,lp_aero
1995-12-01,31.0,lp_aero
1996-01-01,113.0,lp_aero
1996-02-01,150.0,lp_aero
1996-03-01,51.5,lp_aero
1996-04-01,97.0,lp_aero
1996-05-01,31.5,lp_aero
1996-06-01,17.0,lp_aero
1996-07-01,50.0,lp_aero
1996-08-01,35.0,lp_aero
1996-09-01,132.7,lp_aero
1996-10-01,72.8,lp_aero
1996-11-01,110.3,lp_aero
1996-12-01,112.5,lp_aero
1997-01-01,114.0,lp_aero
1997-02-01,92.0,lp_aero
1997-03-01,55.7,lp_aero
1997-04-01,63.0,lp_aero
1997-05-01,34.0,lp_aero
1997-06-01,70.0,lp_aero
1997-07-01,61.2,lp_aero
1997-08-01,104.6,lp_aero
1997-09-01,4.0,lp_aero
1997-10-01,82.2,lp_aero
1997-11-01,147.0,lp_aero
1997-12-01,193.0,lp_aero
1998-01-01,168.5,lp_aero
1998-02-01,55.7,lp_aero
1998-03-01,149.0,lp_aero
1998-04-01,121.9,lp_aero
1998-05-01,66.2,lp_aero
1998-06-01,17.0,lp_aero
1998-07-01,88.0,lp_aero
1998-08-01,7.1,lp_aero
1998-09-01,61.0,lp_aero
1998-10-01,69.0,lp_aero
1998-11-01,65.2,lp_aero
1998-12-01,117.0,lp_aero
1999-01-01,99.4,lp_aero
1999-02-01,168.5,lp_aero
1999-03-01,144.0,lp_aero
1999-04-01,40.0,lp_aero
1999-05-01,32.0,lp_aero
1999-06-01,22.1,lp_aero
1999-07-01,113.0,lp_aero
1999-08-01,95.5,lp_aero
1999-09-01,82.1,lp_aero
1999-10-01,15.6,lp_aero
1999-11-01,90.0,lp_aero
1999-12-01,58.5,lp_aero
2000-01-01,80.0,lp_aero
2000-02-01,88.8,lp_aero
2000-03-01,35.7,lp_aero
2000-04-01,129.7,lp_aero
2000-05-01,288.8,lp_aero
2000-06-01,114.0,lp_aero
2000-07-01,52.0,lp_aero
2000-08-01,108.100006,lp_aero
2000-09-01,91.4,lp_aero
2000-10-01,165.6,lp_aero
2000-11-01,94.0,lp_aero
2000-12-01,94.0,lp_aero
2001-01-01,132.1,lp_aero
2001-02-01,112.0,lp_aero
2001-03-01,220.3,lp_aero
2001-04-01,24.0,lp_aero
2001-05-01,59.6,lp_aero
2001-06-01,73.1,lp_aero
2001-07-01,64.0,lp_aero
2001-08-01,191.4,lp_aero
2001-09-01,45.8,lp_aero
2001-10-01,176.1,lp_aero
2001-11-01,116.9,lp_aero
2001-12-01,101.0,lp_aero
2002-01-01,259.9,lp_aero
2002-02-01,80.0,lp_aero
2002-03-01,358.1,lp_aero
2002-04-01,126.0,lp_aero
2002-05-01,140.2,lp_aero
2002-06-01,33.3,lp_aero
2002-07-01,94.0,lp_aero
2002-08-01,77.0,lp_aero
2002-09-01,91.5,lp_aero
2002-10-01,54.1,lp_aero
2002-11-01,98.9,lp_aero
2002-12-01,82.8,lp_aero
2003-01-01,44.3,lp_aero
2003-02-01,173.5,lp_aero
2003-03-01,65.5,lp_aero
2003-04-01,46.0,lp_aero
2003-05-01,58.5,lp_aero
2003-06-01,54.7,lp_aero
2003-07-01,49.5,lp_aero
2003-08-01,36.8,lp_aero
2003-09-01,86.8,lp_aero
2003-10-01,71.9,lp_aero
2003-11-01,177.5,lp_aero
2003-12-01,75.0,lp_aero
2004-01-01,92.4,lp_aero
2004-02-01,24.9,lp_aero
2004-03-01,20.5,lp_aero
2004-04-01,226.4,lp_aero
2004-05-01,41.0,lp_aero
2004-06-01,47.4,lp_aero
2004-07-01,34.8,lp_aero
2004-08-01,65.3,lp_aero
2004-09-01,21.9,lp_aero
2004-10-01,51.0,lp_aero
2004-11-01,132.4,lp_aero
2004-12-01,102.2,lp_aero
2005-01-01,149.0,lp_aero
2005-02-01,50.5,lp_aero
2005-03-01,117.1,lp_aero
2005-04-01,58.8,lp_aero
2005-05-01,22.9,lp_aero
2005-06-01,66.5,lp_aero
2005-07-01,105.2,lp_aero
2005-08-01,110.4,lp_aero
2005-09-01,80.2,lp_aero
2005-10-01,39.0,lp_aero
2005-11-01,60.0,lp_aero
2005-12-01,67.0,lp_aero
2006-01-01,234.8,lp_aero
2006-02-01,163.6,lp_aero
2006-03-01,132.0,lp_aero
2006-04-01,60.0,lp_aero
2006-05-01,8.0,lp_aero
2006-06-01,72.2,lp_aero
2006-07-01,67.5,lp_aero
2006-08-01,15.8,lp_aero
2006-09-01,27.0,lp_aero
2006-10-01,99.0,lp_aero
2006-11-01,49.0,lp_aero
2006-12-01,160.0,lp_aero
2007-01-01,31.1,lp_aero
2007-02-01,99.0,lp_aero
2007-03-01,254.0,lp_aero
2007-04-01,125.0,lp_aero
2007-05-01,72.0,lp_aero
2007-06-01,39.0,lp_aero
2007-07-01,19.0,lp_aero
2007-08-01,53.7,lp_aero
2007-09-01,94.0,lp_aero
2007-10-01,249.4,lp_aero
2007-11-01,66.0,lp_aero
2007-12-01,28.0,lp_aero
2008-01-01,48.0,lp_aero
2008-02-01,140.0,lp_aero
2008-03-01,118.9,lp_aero
2008-04-01,42.7,lp_aero
2008-05-01,26.5,lp_aero
2008-06-01,64.0,lp_aero
2008-07-01,40.0,lp_aero
2008-08-01,26.599998,lp_aero
2008-09-01,26.2,lp_aero
2008-10-01,70.6,lp_aero
2008-11-01,15.0,lp_aero
2008-12-01,10.0,lp_aero
2009-01-01,14.5,lp_aero
2009-02-01,156.0,lp_aero
2009-03-01,106.3,lp_aero
2009-04-01,26.6,lp_aero
2009-05-01,37.8,lp_aero
2009-06-01,22.0,lp_aero
2009-07-01,114.3,lp_aero
2009-08-01,23.0,lp_aero
2009-09-01,121.0,lp_aero
2009-10-01,154.7,lp_aero
2009-11-01,156.3,lp_aero
2009-12-01,104.0,lp_aero
2010-01-01,119.5,lp_aero
2010-02-01,262.0,lp_aero
2010-03-01,72.9,lp_aero
2010-04-01,62.6,lp_aero
2010-05-01,118.0,lp_aero
2010-06-01,51.5,lp_aero
2010-07-01,98.2,lp_aero
2010-08-01,9.6,lp_aero
2010-09-01,97.0,lp_aero
2010-10-01,33.0,lp_aero
2010-11-01,34.0,lp_aero
2010-12-01,54.0,lp_aero
2011-01-01,162.7,lp_aero
2011-02-01,32.8,lp_aero
2011-03-01,28.8,lp_aero
2011-04-01,80.5,lp_aero
2011-05-01,29.8,lp_aero
2011-06-01,129.6,lp_aero
2011-07-01,89.7,lp_aero
2011-08-01,25.2,lp_aero
2011-09-01,26.0,lp_aero
2011-10-01,62.0,lp_aero
2011-11-01,69.0,lp_aero
2011-12-01,55.5,lp_aero
2012-01-01,22.5,lp_aero
2012-02-01,186.3,lp_aero
2012-03-01,77.6,lp_aero
2012-04-01,45.5,lp_aero
2012-05-01,72.0,lp_aero
2012-06-01,18.3,lp_aero
2012-07-01,21.7,lp_aero
2012-08-01,228.8,lp_aero
2012-09-01,42.0,lp_aero
2012-10-01,183.1,lp_aero
2012-11-01,52.9,lp_aero
2012-12-01,172.0,lp_aero
2013-01-01,73.6,lp_aero
2013-02-01,82.7,lp_aero
2013-03-01,100.5,lp_aero
2013-04-01,237.7,lp_aero
2013-05-01,103.8,lp_aero
2013-06-01,13.5,lp_aero
2013-07-01,75.1,lp_aero
2013-08-01,5.9,lp_aero
2013-09-01,174.3,lp_aero
2013-10-01,30.8,lp_aero
2013-11-01,149.3,lp_aero
2013-12-01,35.6,lp_aero
2014-01-01,192.5,lp_aero
2014-02-01,223.6,lp_aero
2014-03-01,134.0,lp_aero
2014-04-01,70.0,lp_aero
2014-05-01,90.5,lp_aero
2014-06-01,37.5,lp_aero
2014-07-01,147.3,lp_aero
2014-08-01,72.0,lp_aero
2014-09-01,112.3,lp_aero
2014-10-01,179.8,lp_aero
2014-11-01,177.4,lp_aero
2014-12-01,60.7,lp_aero
2015-01-01,135.4,lp_aero
2015-02-01,79.0,lp_aero
2015-03-01,45.5,lp_aero
2015-04-01,44.0,lp_aero
2015-05-01,37.7,lp_aero
2015-06-01,40.1,lp_aero
2015-07-01,75.0,lp_aero
2015-08-01,180.0,lp_aero
2015-09-01,31.7,lp_aero
2015-10-01,67.3,lp_aero
2015-11-01,131.0,lp_aero
2015-12-01,45.9,lp_aero
2016-01-01,78.8,lp_aero
2016-02-01,98.3,lp_aero
2016-03-01,85.0,lp_aero
2016-04-01,176.0,lp_aero
2016-05-01,70.1,lp_aero
2016-06-01,37.3,lp_aero
2016-07-01,197.0,lp_aero
2016-08-01,54.0,lp_aero
2016-09-01,44.8,lp_aero
2016-10-01,110.6,lp_aero
2016-11-01,70.5,lp_aero
2016-12-01,123.3,lp_aero
2017-01-01,148.4,lp_aero
2017-02-01,109.8,lp_aero
2017-03-01,61.5,lp_aero
2017-04-01,77.0,lp_aero
2017-05-01,158.7,lp_aero
2017-06-01,0.0,lp_aero
2017-07-01,100.3,lp_aero
2017-08-01,113.4,lp_aero
2017-09-01,127.0,lp_aero
2017-10-01,77.0,lp_aero
2017-11-01,24.0,lp_aero
2017-12-01,153.2,lp_aero
2018-01-01,143.0,lp_aero
2018-02-01,51.0,lp_aero
2018-03-01,98.0,lp_aero
2018-04-01,169.0,lp_aero
2018-05-01,220.2,lp_aero
2018-06-01,8.0,lp_aero
2018-07-01,138.4,lp_aero
2018-08-01,51.0,lp_aero
2018-09-01,130.0,lp_aero
2018-10-01,7.0,lp_aero
2018-11-01,165.8,lp_aero
2018-12-01,185.0,lp_aero
2019-01-01,77.2,lp_aero
2019-02-01,155.8,lp_aero
2019-03-01,80.1,lp_aero
2019-04-01,45.0,lp_aero
2019-05-01,46.9,lp_aero
2019-06-01,160.0,lp_aero
2019-07-01,136.0,lp_aero
2019-08-01,36.0,lp_aero
2019-09-01,61.7,lp_aero
2019-10-01,136.0,lp_aero
2019-11-01,25.6,lp_aero
2019-12-01,90.7,lp_aero
2020-01-01,47.9,lp_aero
2020-02-01,74.0,lp_aero
2020-03-01,132.2,lp_aero
2020-04-01,108.1,lp_aero
2020-05-01,16.0,lp_aero
2020-06-01,103.1,lp_aero
2020-07-01,11.0,lp_aero
2020-08-01,29.5,lp_aero
2020-09-01,80.0,lp_aero
2020-10-01,125.9,lp_aero
2020-11-01,43.2,lp_aero
2020-12-01,34.5,lp_aero
2021-01-01,104.6,lp_aero
2021-02-01,114.5,lp_aero
2021-03-01,78.8,lp_aero
2021-04-01,67.2,lp_aero
2021-05-01,69.5,lp_aero
2021-06-01,8.9,lp_aero
2021-07-01,37.6,lp_aero
2021-08-01,37.7,lp_aero
2021-09-01,94.5,lp_aero
2021-10-01,30.8,lp_aero
2021-11-01,86.8,lp_aero
2021-12-01,19.6,lp_aero
2022-01-01,157.3,lp_aero
2022-02-01,90.1,lp_aero
2022-03-01,55.5,lp_aero
2022-04-01,43.3,lp_aero
2022-05-01,33.5,lp_aero
2022-06-01,0.0,lp_aero
2022-07-01,37.2,lp_aero
2022-08-01,17.0,lp_aero
2022-09-01,7.7,lp_aero
2022-10-01,25.3,lp_aero
2022-11-01,65.8,lp_aero
2022-12-01,47.2,lp_aero
2023-01-01,25.3,lp_aero
2023-02-01,17.9,lp_aero
2023-03-01,37.2,lp_aero
2023-04-01,27.400002,lp_aero
2023-05-01,148.4,lp_aero
2023-06-01,0.8,lp_aero
2023-07-01,52.4,lp_aero
2023-08-01,183.4,lp_aero
2023-09-01,38.2,lp_aero
2023-10-01,46.4,lp_aero
2023-11-01,168.5,lp_aero
2023-12-01,157.7,lp_aero
2024-01-01,24.0,lp_aero
2024-02-01,241.2,lp_aero
2024-03-01,290.5,lp_aero
2024-04-01,182.8,lp_aero
2024-05-01,11.4,lp_aero
2024-06-01,66.2,lp_aero
2024-07-01,6.2,lp_aero
2024-08-01,111.8,lp_aero
2024-09-01,19.2,lp_aero
2024-10-01,37.5,lp_aero
2024-11-01,123.6,lp_aero
2024-12-01,49.5,lp_aero
2000-01-01,74.6,villa_gesell
2000-02-01,217.0,villa_gesell
2000-03-01,88.0,villa_gesell
2000-04-01,51.3,villa_gesell
2000-05-01,49.1,villa_gesell
2000-06-01,121.9,villa_gesell
2000-07-01,33.0,villa_gesell
2000-08-01,96.2,villa_gesell
2000-09-01,79.0,villa_gesell
2000-10-01,68.8,villa_gesell
2000-12-01,32.0,villa_gesell
2001-01-01,142.6,villa_gesell
2001-02-01,111.3,villa_gesell
2001-03-01,73.0,villa_gesell
2001-04-01,23.3,villa_gesell
2001-05-01,128.1,villa_gesell
2001-06-01,145.2,villa_gesell
2001-07-01,56.5,villa_gesell
2001-08-01,134.9,villa_gesell
2001-09-01,108.2,villa_gesell
2001-10-01,226.3,villa_gesell
2001-11-01,93.0,villa_gesell
2001-12-01,54.8,villa_gesell
2002-01-01,53.0,villa_gesell
2002-02-01,133.3,villa_gesell
2002-03-01,372.3,villa_gesell
2002-04-01,73.6,villa_gesell
2002-05-01,191.5,villa_gesell
2002-06-01,12.0,villa_gesell
2002-07-01,37.7,villa_gesell
2002-08-01,82.2,villa_gesell
2002-09-01,117.3,villa_gesell
2002-10-01,167.6,villa_gesell
2002-11-01,77.1,villa_gesell
2002-12-01,44.899998,villa_gesell
2003-01-01,187.90001,villa_gesell
2003-02-01,83.3,villa_gesell
2003-03-01,64.6,villa_gesell
2003-04-01,103.5,villa_gesell
2003-05-01,83.2,villa_gesell
2003-06-01,46.3,villa_gesell
2003-07-01,49.5,villa_gesell
2003-08-01,76.2,villa_gesell
2003-09-01,50.9,villa_gesell
2003-10-01,137.8,villa_gesell
2003-11-01,139.7,villa_gesell
2003-12-01,191.5,villa_gesell
2004-01-01,48.0,villa_gesell
2004-02-01,51.5,villa_gesell
2004-03-01,56.5,villa_gesell
2004-04-01,131.8,villa_gesell
2004-05-01,10.4,villa_gesell
2004-06-01,44.5,villa_gesell
2004-07-01,71.2,villa_gesell
2004-08-01,171.5,villa_gesell
2004-09-01,25.5,villa_gesell
2004-10-01,40.8,villa_gesell
2004-11-01,78.5,villa_gesell
2004-12-01,35.0,villa_gesell
2005-01-01,143.5,villa_gesell
2005-02-01,40.1,villa_gesell
2005-03-01,78.8,villa_gesell
2005-04-01,10.0,villa_gesell
2005-05-01,47.1,villa_gesell
2005-06-01,185.5,villa_gesell
2005-07-01,56.2,villa_gesell
2005-08-01,169.6,villa_gesell
2005-09-01,47.5,villa_gesell
2005-10-01,60.9,villa_gesell
2005-11-01,93.5,villa_gesell
2005-12-01,43.2,villa_gesell
2006-01-01,271.5,villa_gesell
2006-02-01,85.5,villa_gesell
2006-03-01,42.4,villa_gesell
2006-04-01,108.0,villa_gesell
2006-05-01,7.2,villa_gesell
2006-06-01,87.1,villa_gesell
2006-07-01,73.3,villa_gesell
2006-08-01,24.2,villa_gesell
2006-09-01,43.8,villa_gesell
2006-10-01,147.8,villa_gesell
2006-11-01,75.0,villa_gesell
2006-12-01,119.1,villa_gesell
2007-01-01,44.3,villa_gesell
2007-02-01,126.9,villa_gesell
2007-03-01,121.5,villa_gesell
2007-04-01,173.7,villa_gesell
2007-05-01,63.0,villa_gesell
2007-06-01,7.0,villa_gesell
2007-07-01,62.5,villa_gesell
2007-08-01,54.5,villa_gesell
2007-09-01,151.0,villa_gesell
2007-10-01,107.5,villa_gesell
2007-11-01,58.5,villa_gesell
2007-12-01,35.3,villa_gesell
2008-01-01,39.2,villa_gesell
2008-02-01,267.5,villa_gesell
2008-03-01,122.0,villa_gesell
2008-04-01,22.5,villa_gesell
2008-05-01,64.5,villa_gesell
2008-06-01,44.1,villa_gesell
2008-07-01,67.2,villa_gesell
2008-08-01,76.8,villa_gesell
2008-09-01,35.1,villa_gesell
2008-10-01,27.2,villa_gesell
2008-11-01,94.600006,villa_gesell
2008-12-01,13.8,villa_gesell
2009-01-01,5.4,villa_gesell
2009-02-01,49.6,villa_gesell
2009-03-01,120.7,villa_gesell
2009-04-01,59.3,villa_gesell
2009-05-01,101.0,villa_gesell
2009-06-01,116.8,villa_gesell
2009-07-01,85.3,villa_gesell
2009-08-01,32.3,villa_gesell
2009-09-01,51.1,villa_gesell
2009-10-01,59.8,villa_gesell
2009-11-01,190.5,villa_gesell
2009-12-01,113.7,villa_gesell
2010-01-01,32.0,villa_gesell
2010-02-01,133.7,villa_gesell
2010-05-01,85.1,villa_gesell
2010-06-01,97.0,villa_gesell
2010-07-01,110.6,villa_gesell
2010-08-01,52.6,villa_gesell
2010-09-01,95.0,villa_gesell
2010-10-01,72.6,villa_gesell
2010-11-01,63.0,villa_gesell
2011-01-01,166.8,villa_gesell
2011-02-01,69.6,villa_gesell
2012-12-01,139.3,villa_gesell
2013-01-01,65.3,villa_gesell
2013-02-01,42.4,villa_gesell
2013-03-01,75.4,villa_gesell
2013-04-01,54.3,villa_gesell
2013-05-01,52.2,villa_gesell
2013-06-01,14.6,villa_gesell
2013-07-01,43.5,villa_gesell
2013-08-01,13.2,villa_gesell
2013-09-01,137.4,villa_gesell
2013-10-01,63.2,villa_gesell
2013-11-01,87.3,villa_gesell
2013-12-01,46.3,villa_gesell
2014-01-01,177.0,villa_gesell
2014-02-01,123.1,villa_gesell
2014-03-01,134.0,villa_gesell
2014-04-01,114.2,villa_gesell
2014-05-01,101.3,villa_gesell
2014-06-01,70.5,villa_gesell
2014-07-01,99.0,villa_gesell
2014-08-01,97.0,villa_gesell
2014-09-01,62.4,villa_gesell
2014-10-01,104.6,villa_gesell
2014-11-01,59.0,villa_gesell
2014-12-01,69.0,villa_gesell
2015-01-01,80.0,villa_gesell
2015-02-01,60.2,villa_gesell
2015-03-01,48.5,villa_gesell
2015-04-01,112.3,villa_gesell
2015-05-01,50.4,villa_gesell
2015-06-01,15.5,villa_gesell
2015-07-01,125.7,villa_gesell
2015-08-01,190.2,villa_gesell
2015-09-01,22.0,villa_gesell
2015-10-01,64.4,villa_gesell
2015-11-01,89.6,villa_gesell
2015-12-01,28.0,villa_gesell
2016-01-01,77.3,villa_gesell
2016-02-01,141.4,villa_gesell
2016-03-01,90.0,villa_gesell
2016-04-01,136.3,villa_gesell
2016-05-01,135.8,villa_gesell
2016-06-01,36.7,villa_gesell
2016-07-01,82.0,villa_gesell
2016-08-01,16.5,villa_gesell
2016-09-01,127.0,villa_gesell
2016-10-01,60.0,villa_gesell
2016-11-01,23.4,villa_gesell
2016-12-01,45.1,villa_gesell
2017-01-01,190.0,villa_gesell
2017-02-01,234.5,villa_gesell
2017-03-01,152.5,villa_gesell
2017-04-01,121.3,villa_gesell
2017-05-01,34.2,villa_gesell
2017-06-01,102.0,villa_gesell
2017-07-01,114.9,villa_gesell
2017-08-01,122.2,villa_gesell
2017-09-01,131.3,villa_gesell
2017-10-01,133.3,villa_gesell
2017-11-01,91.6,villa_gesell
2017-12-01,142.0,villa_gesell
2018-01-01,116.5,villa_gesell
2018-02-01,60.0,villa_gesell
2018-03-01,130.5,villa_gesell
2018-04-01,134.5,villa_gesell
2018-05-01,118.3,villa_gesell
2018-06-01,70.1,villa_gesell
2018-07-01,49.8,villa_gesell
2018-08-01,39.6,villa_gesell
2018-09-01,80.7,villa_gesell
2018-10-01,48.0,villa_gesell
2018-11-01,82.2,villa_gesell
2018-12-01,127.9,villa_gesell
2019-01-01,62.899998,villa_gesell
2019-02-01,80.3,villa_gesell
2019-03-01,98.7,villa_gesell
2019-04-01,63.1,villa_gesell
2019-05-01,41.1,villa_gesell
2019-06-01,200.2,villa_gesell
2019-07-01,41.7,villa_gesell
2019-08-01,17.0,villa_gesell
2019-09-01,14.6,villa_gesell
2019-10-01,62.5,villa_gesell
2019-11-01,49.5,villa_gesell
2019-12-01,98.6,villa_gesell
2020-01-01,41.0,villa_gesell
2020-02-01,107.9,villa_gesell
2020-03-01,152.5,villa_gesell
2020-04-01,100.5,villa_gesell
2020-05-01,45.5,villa_gesell
2020-06-01,37.8,villa_gesell
2020-07-01,72.6,villa_gesell
2020-08-01,48.6,villa_gesell
2020-09-01,35.0,villa_gesell
2020-10-01,113.9,villa_gesell
2020-11-01,50.0,villa_gesell
2020-12-01,22.4,villa_gesell
2021-01-01,251.8,villa_gesell
2021-02-01,124.4,villa_gesell
2021-03-01,114.6,villa_gesell
2021-04-01,100.0,villa_gesell
2021-05-01,84.8,villa_gesell
2021-06-01,58.7,villa_gesell
2021-07-01,33.5,villa_gesell
2021-08-01,45.6,villa_gesell
2021-09-01,114.0,villa_gesell
2021-10-01,38.5,villa_gesell
2021-11-01,29.2,villa_gesell
2021-12-01,30.0,villa_gesell
2022-01-01,68.2,villa_gesell
2022-02-01,107.0,villa_gesell
2022-03-01,77.4,villa_gesell
2022-04-01,137.8,villa_gesell
2022-05-01,19.2,villa_gesell
2022-06-01,1.0,villa_gesell
2022-07-01,41.0,villa_gesell
2022-08-01,61.9,villa_gesell
2022-09-01,24.0,villa_gesell
2022-10-01,52.3,villa_gesell
2022-11-01,178.0,villa_gesell
2022-12-01,69.8,villa_gesell
2023-01-01,35.3,villa_gesell
2023-02-01,146.7,villa_gesell
2023-03-01,45.8,villa_gesell
2023-04-01,36.2,villa_gesell
2023-05-01,111.1,villa_gesell
2023-06-01,29.0,villa_gesell
2023-07-01,62.4,villa_gesell
2023-08-01,51.5,villa_gesell
2023-09-01,30.0,villa_gesell
2023-10-01,30.3,villa_gesell
2023-11-01,99.6,villa_gesell
2023-12-01,210.2,villa_gesell
2024-01-01,45.1,villa_gesell
2024-02-01,82.5,villa_gesell
2024-03-01,130.0,villa_gesell
2024-04-01,149.9,villa_gesell
2024-05-01,14.2,villa_gesell
2024-06-01,32.7,villa_gesell
2024-07-01,25.8,villa_gesell
2024-08-01,102.7,villa_gesell
